category	pdf
parallel-or-not	amdahl-1967.pdf
parallel-or-not	blumofe-leiserson-work-stealing-1999.pdf
parallel-or-not	gunther-usl-2009.pdf
parallel-or-not	gustafson-1988.pdf
parallel-or-not	gustafson-scaled-sized-1988.pdf
parallel-or-not	hill-marty-2008.pdf
parallel-or-not	lamport-clocks-1978.pdf
parallel-or-not	lamport-paxos-simple-2001.pdf
read-amp-related	anyblob-vldb2023.pdf
read-amp-related	b-plus-ann.pdf
read-amp-related	diskann.pdf
read-amp-related	dsann.pdf
read-amp-related	gorgeous.pdf
read-amp-related	hakes.pdf
read-amp-related	i-lsh.pdf
read-amp-related	i-o-efficient-approximate-nearest-neighbour-search.pdf
read-amp-related	iiswc2025-storage-based-ann.pdf
read-amp-related	laann.pdf
read-amp-related	lindorm-vector.pdf
read-amp-related	milvus.pdf
read-amp-related	navix.pdf
read-amp-related	octopusann.pdf
read-amp-related	pageann.pdf
read-amp-related	industrial/pinecone.md
read-amp-related	pipeann.pdf
read-amp-related	product-quantization-for-nearest-neighbor-search.pdf
read-amp-related	rairs.pdf
read-amp-related	sk-lsh.pdf
read-amp-related	spann.pdf
read-amp-related	spfresh.pdf
read-amp-related	starling.pdf
read-amp-related	veloann.pdf
spatial-related	analyticdb-v.pdf
spatial-related	batann.pdf
spatial-related	cotra.pdf
spatial-related	d-hnsw.pdf
spatial-related	gaussdb-vector.pdf
spatial-related	gp-ann.pdf
spatial-related	haghani-distributed-lsh-edbt-2009.pdf
spatial-related	lindorm-vector.pdf
spatial-related	red-anns.pdf
spatial-related	sabbsr.pdf
spatial-related	sabes.pdf
spatial-related	shine.pdf
spatial-related	spire.pdf
spatial-related	vexless.pdf
spatial-related	vstream.pdf
distributed-anns-related	ada-ivf.pdf
distributed-anns-related	analyticdb-v.pdf
distributed-anns-related	auncel.pdf
distributed-anns-related	batann.pdf
distributed-anns-related	building-stateless-serverless-vector-dbs-via-block.pdf
distributed-anns-related	cost-effective-low-latency-vector-search-with-azur.pdf
distributed-anns-related	cotra.pdf
distributed-anns-related	crackivf.pdf
distributed-anns-related	curator.pdf
distributed-anns-related	cxl-anns.pdf
distributed-anns-related	d-hnsw.pdf
distributed-anns-related	diskann.pdf
distributed-anns-related	distributedann.pdf
distributed-anns-related	dsann.pdf
distributed-anns-related	flann-pami2014.pdf
distributed-anns-related	freshdiskann.pdf
distributed-anns-related	gaussdb-vector.pdf
distributed-anns-related	gp-ann.pdf
distributed-anns-related	haghani-distributed-lsh-edbt-2009.pdf
distributed-anns-related	hakes.pdf
distributed-anns-related	harmony.pdf
distributed-anns-related	i-lsh.pdf
distributed-anns-related	i-o-efficient-approximate-nearest-neighbour-search.pdf
distributed-anns-related	intelligent-probing-for-locality-sensitive-hashing.pdf
distributed-anns-related	leqat.pdf
distributed-anns-related	lindorm-vector.pdf
distributed-anns-related	industrial/cockroachdb-c-spann.md
distributed-anns-related	industrial/milvus.md
distributed-anns-related	netanns.pdf
distributed-anns-related	industrial/opensearch-knn.md
distributed-anns-related	pase.pdf
distributed-anns-related	industrial/pinecone.md
distributed-anns-related	product-quantization-for-nearest-neighbor-search.pdf
distributed-anns-related	pyramid-bigdata2019.pdf
distributed-anns-related	industrial/qdrant.md
distributed-anns-related	quake.pdf
distributed-anns-related	rairs.pdf
distributed-anns-related	red-anns.pdf
distributed-anns-related	sabbsr.pdf
distributed-anns-related	sabes.pdf
distributed-anns-related	scann.pdf
distributed-anns-related	shine.pdf
distributed-anns-related	sk-lsh.pdf
distributed-anns-related	spann.pdf
distributed-anns-related	spfresh.pdf
distributed-anns-related	spire.pdf
distributed-anns-related	vearch-gamma.pdf
distributed-anns-related	vexless.pdf
distributed-anns-related	vhp.pdf
distributed-anns-related	vstream.pdf
distributed-anns-related	industrial/weaviate.md
